{"cameraMode":{"drawMode":0,"name":"Shaded","section":"Shading Mode"},"sceneLighting":false,"audioPlay":false,"sceneViewState":{"showFog":false,"showMaterialUpdate":false,"showSkybox":false,"showFlares":false,"showImageEffects":false,"showParticleSystems":false},"in2DMode":false,"pivot":{"x":0.522031307220459,"y":1.7445225715637208,"z":1.0221549272537232},"rotation":{"x":0.07007846236228943,"y":0.7492892742156982,"z":-0.08033699542284012,"w":0.6536081433296204},"size":11.165128707885743,"orthographic":false}