{"cameraMode":{"drawMode":0,"name":"Shaded","section":"Shading Mode"},"sceneLighting":false,"audioPlay":false,"sceneViewState":{"showFog":true,"showMaterialUpdate":false,"showSkybox":true,"showFlares":true,"showImageEffects":true,"showParticleSystems":true},"in2DMode":false,"pivot":{"x":-0.3510622978210449,"y":-0.1902022361755371,"z":0.590219259262085},"rotation":{"x":-0.12127766758203507,"y":0.850912868976593,"z":-0.2248217761516571,"w":-0.4590159058570862},"size":3.778557062149048,"orthographic":false}