{"cameraMode":{"drawMode":0,"name":"Shaded","section":"Shading Mode"},"sceneLighting":false,"audioPlay":false,"sceneViewState":{"showFog":false,"showMaterialUpdate":false,"showSkybox":false,"showFlares":false,"showImageEffects":false,"showParticleSystems":false},"in2DMode":false,"pivot":{"x":22.243091583251954,"y":6.844237327575684,"z":-27.319751739501954},"rotation":{"x":0.1115465760231018,"y":0.13373026251792909,"z":-0.015150269493460656,"w":0.9846048355102539},"size":2.3566718101501467,"orthographic":false}