{"cameraMode":{"drawMode":0,"name":"Shaded","section":"Shading Mode"},"sceneLighting":false,"audioPlay":false,"sceneViewState":{"showFog":false,"showMaterialUpdate":false,"showSkybox":false,"showFlares":false,"showImageEffects":false,"showParticleSystems":false},"in2DMode":false,"pivot":{"x":-0.000011444091796875,"y":0.0,"z":0.00000762939453125},"rotation":{"x":0.1115465760231018,"y":0.13373026251792909,"z":-0.015150269493460656,"w":0.9846048355102539},"size":285.7884521484375,"orthographic":false}