{"cameraMode":{"drawMode":0,"name":"Shaded","section":"Shading Mode"},"sceneLighting":false,"audioPlay":false,"sceneViewState":{"showFog":false,"showMaterialUpdate":false,"showSkybox":false,"showFlares":false,"showImageEffects":false,"showParticleSystems":false},"in2DMode":false,"pivot":{"x":383.5,"y":203.00003051757813,"z":0.000003814697265625},"rotation":{"x":0.12781231105327607,"y":-0.41586795449256899,"z":0.05916040390729904,"w":0.898455023765564},"size":233.34532165527345,"orthographic":false}